feature,mean_abs_shap
EXT_SOURCE_3,0.08404799510324373
EXT_SOURCE_2,0.07915799841717035
DAYS_BIRTH,0.02841880414391434
CODE_GENDER_F,0.02463935896130784
AMT_GOODS_PRICE,0.01972668531860356
NAME_EDUCATION_TYPE_Higher education,0.019363306626880048
FLAG_DOCUMENT_3,0.01923764629737133
AMT_CREDIT,0.01861093206287137
CODE_GENDER_M,0.0183774370862055
AMT_ANNUITY,0.01567145338838837
FLAG_OWN_CAR_Y,0.01396060236244751
DAYS_ID_PUBLISH,0.013250615438782374
REGION_RATING_CLIENT_W_CITY,0.012900149317078497
FLAG_OWN_CAR_N,0.011800936147281877
NAME_FAMILY_STATUS_Married,0.011618035819774119
FLAG_WORK_PHONE,0.010126203857767996
FLAG_PHONE,0.00989265733082181
NAME_EDUCATION_TYPE_Secondary / secondary special,0.009424582016108582
AMT_REQ_CREDIT_BUREAU_QRT,0.00931126492639147
DAYS_LAST_PHONE_CHANGE,0.008471307345669265
DAYS_REGISTRATION,0.007759851170661716
NAME_CONTRACT_TYPE_Cash loans,0.007419993323715063
REG_CITY_NOT_LIVE_CITY,0.006969671784870501
AMT_REQ_CREDIT_BUREAU_MON,0.006420429898281069
NAME_CONTRACT_TYPE_Revolving loans,0.00631176202130212
OCCUPATION_TYPE_Accountants,0.0057950761861932576
FLAG_OWN_REALTY_N,0.005714927362035394
DAYS_EMPLOYED,0.005251154533475174
NAME_FAMILY_STATUS_Single / not married,0.004802169426551957
REGION_POPULATION_RELATIVE,0.004787712307586432
FLAG_OWN_REALTY_Y,0.004720357304699966
CNT_FAM_MEMBERS,0.00469985201628712
NAME_INCOME_TYPE_Pensioner,0.004425496191408
DEF_60_CNT_SOCIAL_CIRCLE,0.004358939992931163
NAME_INCOME_TYPE_Working,0.004345382171892215
OCCUPATION_TYPE_Core staff,0.004291856398459516
HOUR_APPR_PROCESS_START,0.004237627390299287
ORGANIZATION_TYPE_Construction,0.0041352278060201395
FLAG_DOCUMENT_16,0.00407137608375578
AMT_REQ_CREDIT_BUREAU_YEAR,0.004000390057468145
CNT_CHILDREN,0.003942889411960547
FLAG_DOCUMENT_6,0.003866239953198939
WEEKDAY_APPR_PROCESS_START_SATURDAY,0.00383815563252391
DEF_30_CNT_SOCIAL_CIRCLE,0.0037750582717821393
ORGANIZATION_TYPE_School,0.003568532800155694
ORGANIZATION_TYPE_Trade: type 2,0.0035342325125514713
ORGANIZATION_TYPE_Self-employed,0.003322452805589552
OCCUPATION_TYPE_Sales staff,0.0031743071510067504
WEEKDAY_APPR_PROCESS_START_WEDNESDAY,0.0031466760807256056
REGION_RATING_CLIENT,0.0031206063420630586
OCCUPATION_TYPE_Drivers,0.00311631889074017
ORGANIZATION_TYPE_XNA,0.002977198725049725
NAME_HOUSING_TYPE_Municipal apartment,0.002968578804499312
WEEKDAY_APPR_PROCESS_START_MONDAY,0.0029055603808819633
OCCUPATION_TYPE_Managers,0.002894246767298401
REG_REGION_NOT_WORK_REGION,0.002838909117638413
WEEKDAY_APPR_PROCESS_START_TUESDAY,0.002827775132825584
ORGANIZATION_TYPE_Military,0.002791537817895946
LIVE_CITY_NOT_WORK_CITY,0.002758657274778611
OCCUPATION_TYPE_Laborers,0.0027443948203420203
NAME_TYPE_SUITE_Family,0.0025212145292534665
NAME_INCOME_TYPE_Commercial associate,0.002464860346752063
AMT_REQ_CREDIT_BUREAU_WEEK,0.002344581943030879
ORGANIZATION_TYPE_Business Entity Type 2,0.0023304121780196065
ORGANIZATION_TYPE_Business Entity Type 3,0.0022752970953123053
WEEKDAY_APPR_PROCESS_START_THURSDAY,0.0022470005000389368
NAME_INCOME_TYPE_State servant,0.0022402747261671316
NAME_HOUSING_TYPE_House / apartment,0.002175269412487374
NAME_FAMILY_STATUS_Separated,0.002024582866702897
ORGANIZATION_TYPE_Other,0.0019908636030896176
ORGANIZATION_TYPE_Industry: type 9,0.0019888099165267497
REG_CITY_NOT_WORK_CITY,0.0019843913456042304
AMT_INCOME_TOTAL,0.0019830896375616345
ORGANIZATION_TYPE_Bank,0.001977112370709501
FLAG_DOCUMENT_8,0.0019718396610834714
LIVE_REGION_NOT_WORK_REGION,0.001952915229174164
FLAG_DOCUMENT_11,0.0019448225766400518
OBS_60_CNT_SOCIAL_CIRCLE,0.0019162917457415977
WEEKDAY_APPR_PROCESS_START_FRIDAY,0.0018154115660046384
OBS_30_CNT_SOCIAL_CIRCLE,0.0018130028595889143
WEEKDAY_APPR_PROCESS_START_SUNDAY,0.001786741936496891
"NAME_TYPE_SUITE_Spouse, partner",0.001735633079161426
ORGANIZATION_TYPE_Government,0.001731079059987139
NAME_FAMILY_STATUS_Civil marriage,0.0017267752817715538
FLAG_EMP_PHONE,0.001714456609562897
NAME_TYPE_SUITE_Unaccompanied,0.001714390373411894
ORGANIZATION_TYPE_Trade: type 7,0.001674867013195511
NAME_FAMILY_STATUS_Widow,0.0015967804955735827
ORGANIZATION_TYPE_Medicine,0.0015683632548243276
FLAG_EMAIL,0.0015478921201057783
ORGANIZATION_TYPE_Kindergarten,0.001514815264307174
REG_REGION_NOT_LIVE_REGION,0.0014762063763366466
NAME_HOUSING_TYPE_With parents,0.001420004969287181
ORGANIZATION_TYPE_Transport: type 4,0.0013103411226189762
OCCUPATION_TYPE_Medicine staff,0.0011305243824494074
OCCUPATION_TYPE_High skill tech staff,0.0011163755417023826
NAME_HOUSING_TYPE_Co-op apartment,0.0010364631219638451
NAME_EDUCATION_TYPE_Incomplete higher,0.0010053705065715501
ORGANIZATION_TYPE_Services,0.0009743589300756573
ORGANIZATION_TYPE_Police,0.0009560924308052592
OCCUPATION_TYPE_Cooking staff,0.0009217242390415944
AMT_REQ_CREDIT_BUREAU_HOUR,0.000913287349823656
ORGANIZATION_TYPE_Security,0.0008480073736953832
NAME_TYPE_SUITE_Children,0.0008436615111388189
ORGANIZATION_TYPE_Business Entity Type 1,0.0008280731935523805
ORGANIZATION_TYPE_Electricity,0.000818658669961306
ORGANIZATION_TYPE_Transport: type 2,0.000809844806309809
OCCUPATION_TYPE_Cleaning staff,0.0007990498836541976
ORGANIZATION_TYPE_Insurance,0.000782611683072288
OCCUPATION_TYPE_Security staff,0.0007611956207311432
AMT_REQ_CREDIT_BUREAU_DAY,0.0007601202044757618
FLAG_DOCUMENT_13,0.0007472700655356135
OCCUPATION_TYPE_Secretaries,0.0006934166489686761
OCCUPATION_TYPE_Low-skill Laborers,0.0006891970936366213
ORGANIZATION_TYPE_Restaurant,0.0006548703788512015
FLAG_DOCUMENT_18,0.0006123022419191748
FLAG_DOCUMENT_5,0.0005888898437624062
ORGANIZATION_TYPE_Security Ministries,0.0005433685049956773
ORGANIZATION_TYPE_Agriculture,0.0005256123132282109
NAME_HOUSING_TYPE_Office apartment,0.0004733202104305948
NAME_TYPE_SUITE_Other_B,0.0004309712362233522
NAME_HOUSING_TYPE_Rented apartment,0.00043082069834342085
ORGANIZATION_TYPE_Housing,0.00041945680106645185
NAME_EDUCATION_TYPE_Lower secondary,0.00035367577805802135
FLAG_DOCUMENT_14,0.0003512018479086904
NAME_TYPE_SUITE_Other_A,0.00033009171429595053
ORGANIZATION_TYPE_Transport: type 3,0.00032963696362270936
ORGANIZATION_TYPE_Trade: type 6,0.0003074838578609632
OCCUPATION_TYPE_Private service staff,0.0003046135125693849
FLAG_CONT_MOBILE,0.000300336418991492
ORGANIZATION_TYPE_Postal,0.0002712547368358898
ORGANIZATION_TYPE_Trade: type 4,0.00026645702317289676
ORGANIZATION_TYPE_Industry: type 3,0.00024328896500325987
ORGANIZATION_TYPE_Industry: type 11,0.0002187972828278103
OCCUPATION_TYPE_Waiters/barmen staff,0.000214845416534771
ORGANIZATION_TYPE_Hotel,0.0002126205598152556
FLAG_DOCUMENT_17,0.0002062308316196209
ORGANIZATION_TYPE_Religion,0.00020455533052018057
ORGANIZATION_TYPE_Advertising,0.00019373990514538308
ORGANIZATION_TYPE_Telecom,0.00019185910207907147
ORGANIZATION_TYPE_Trade: type 3,0.00018802446615837504
ORGANIZATION_TYPE_Realtor,0.0001833933537276799
ORGANIZATION_TYPE_Industry: type 7,0.00017902914566953935
OCCUPATION_TYPE_IT staff,0.00017260679008102454
FLAG_DOCUMENT_9,0.00013895252060151648
FLAG_DOCUMENT_19,0.00013001821368916966
ORGANIZATION_TYPE_Industry: type 5,0.00012770665777973362
ORGANIZATION_TYPE_University,0.00012353628930029625
ORGANIZATION_TYPE_Industry: type 4,0.0001130278603988318
ORGANIZATION_TYPE_Industry: type 2,0.00010573720238337614
OCCUPATION_TYPE_Realty agents,0.00010549864578251477
ORGANIZATION_TYPE_Emergency,7.465572571316255e-05
NAME_TYPE_SUITE_Group of people,6.39114351032676e-05
ORGANIZATION_TYPE_Trade: type 1,6.29971443462582e-05
FLAG_DOCUMENT_21,5.738771832661283e-05
ORGANIZATION_TYPE_Culture,3.870144960923274e-05
ORGANIZATION_TYPE_Industry: type 1,3.612053766587106e-05
ORGANIZATION_TYPE_Mobile,2.8572525269417047e-05
ORGANIZATION_TYPE_Transport: type 1,2.3772229695735003e-05
FLAG_DOCUMENT_20,0.0
FLAG_DOCUMENT_10,0.0
FLAG_DOCUMENT_12,0.0
FLAG_DOCUMENT_15,0.0
FLAG_DOCUMENT_4,0.0
FLAG_DOCUMENT_2,0.0
FLAG_DOCUMENT_7,0.0
FLAG_MOBIL,0.0
OCCUPATION_TYPE_HR staff,0.0
NAME_FAMILY_STATUS_Unknown,0.0
CODE_GENDER_XNA,0.0
NAME_INCOME_TYPE_Businessman,0.0
NAME_INCOME_TYPE_Maternity leave,0.0
NAME_INCOME_TYPE_Student,0.0
NAME_INCOME_TYPE_Unemployed,0.0
NAME_EDUCATION_TYPE_Academic degree,0.0
ORGANIZATION_TYPE_Industry: type 8,0.0
ORGANIZATION_TYPE_Industry: type 6,0.0
ORGANIZATION_TYPE_Industry: type 13,0.0
ORGANIZATION_TYPE_Industry: type 12,0.0
ORGANIZATION_TYPE_Industry: type 10,0.0
ORGANIZATION_TYPE_Cleaning,0.0
ORGANIZATION_TYPE_Legal Services,0.0
ORGANIZATION_TYPE_Trade: type 5,0.0
